"block","treatment","protein"
"block1","bar+lup",1.5282486918271
"block1","barley",1.60854104077455
"block1","lupins",1.23419685036051
"block2","bar+lup",1.16731811567633
"block2","barley",1.19746001211776
"block2","lupins",0.888959643446437
"block3","bar+lup",1.42720501853728
"block3","barley",1.44803451994344
"block3","lupins",1.18371596553435
"block4","bar+lup",1.40758083875766
"block4","barley",1.44838225120737
"block4","lupins",1.16656406451929
